"id","dz_user_id","dz_artist_id"
"12","13963471","97"
"13","14534640","97"
"14","14867066","97"
"15","15255324","97"
"16","15510987","97"
"17","15700887","97"
"18","15995006","97"
"19","16207284","97"
"20","16376171","97"
"21","16607000","97"
"22","17235796","97"
"23","17376872","97"
"24","17430229","97"
"25","18610350","97"
"26","19097216","97"
"27","19313877","97"
"28","19445255","97"
"29","20556031","97"
"30","21017731","97"
"31","21454934","97"
"32","26478431","97"
"33","30067601","97"
"34","38071751","97"
"35","43657801","97"
"36","44432041","97"
"37","58294391","97"
"142","39","102"
"144","278","102"
"145","544","102"
"146","1097","102"
"147","1116","102"
"148","1208","102"
"149","1214","102"
"150","1594","102"
"151","1893","102"
"152","1992","102"
"153","2614","102"
"154","3544","102"
"155","4634","102"
"156","4996","102"
"157","6535","102"
"158","7339","102"
"159","8886","102"
"160","9631","102"
"161","10475","102"
"162","11310","102"
"163","11345","102"
"164","11694","102"
"165","13673","102"
"166","14223","102"
"168","20099","102"
"169","22480","102"
"170","24581","102"
"172","32993","102"
"173","33320","102"
"174","33648","102"
"175","34699","102"
"176","40827","102"
"177","40855","102"
"178","44825","102"
"179","47735","102"
"180","50336","102"
"181","51209","102"
"182","51478","102"
"183","52743","102"
"184","52997","102"
"185","55956","102"
"186","58619","102"
"187","58818","102"
"188","58917","102"
"189","60598","102"
"190","61761","102"
"191","4833","103"
"192","18693","103"
"193","22501","103"
"194","64262","103"
"195","75148","103"
"196","78264","103"
"197","80801","103"
"198","86495","103"
"199","120473","103"
"200","135830","103"
"201","154807","103"
"202","159709","103"
"203","166120","103"
"204","167065","103"
"205","168364","103"
"206","172309","103"
"207","179392","103"
"208","184204","103"
"209","188880","103"
"210","198410","103"
"211","198420","103"
"212","201816","103"
"213","217498","103"
"214","218143","103"
"215","232633","103"
"216","236243","103"
"217","237290","103"
"218","266712","103"
"219","269752","103"
"220","271897","103"
"221","272619","103"
"222","281675","103"
"223","283136","103"
"224","285554","103"
"225","289854","103"
"226","294944","103"
"227","296642","103"
"228","300495","103"
"229","302656","103"
"230","303122","103"
"231","303949","103"
"232","307198","103"
"233","307979","103"
"234","310143","103"
"235","315955","103"
"236","325289","103"
"237","332068","103"
"238","332193","103"
"239","339296","103"
"242","2585","104"
"243","3200","104"
"244","3355","104"
"246","4235","104"
"247","4317","104"
"248","5010","104"
"249","5427","104"
"250","7917","104"
"252","12983","104"
"253","14530","104"
"258","36160","104"
"259","41787","104"
"260","45749","104"
"261","49327","104"
"263","51520","104"
"264","52066","104"
"265","55325","104"
"266","55464","104"
"267","59041","104"
"268","63358","104"
"269","63569","104"
"270","63642","104"
"272","68427","104"
"273","68539","104"
"274","75599","104"
"275","75814","104"
"276","77964","104"
"277","78305","104"
"278","82101","104"
"279","5","105"
"280","42","105"
"281","1906","105"
"282","2166","105"
"284","8113","105"
"287","34190","105"
"289","68669","105"
"291","83076","105"
"292","83606","105"
"293","87726","105"
"294","95603","105"
"295","96732","105"
"296","98430","105"
"297","100734","105"
"298","117285","105"
"299","133077","105"
"300","145386","105"
"301","153912","105"
"303","158482","105"
"304","159372","105"
"305","160568","105"
"306","167213","105"
"307","169518","105"
"308","179299","105"
"309","179332","105"
"310","182527","105"
"311","185262","105"
"312","187228","105"
"313","188922","105"
"314","195419","105"
"315","197067","105"
"316","197215","105"
"317","201231","105"
"318","201386","105"
"319","203583","105"
"320","204418","105"
"321","218276","105"
"322","219197","105"
"323","220971","105"
"324","222393","105"
"325","148","106"
"326","438","106"
"327","563","106"
"328","814","106"
"329","1244","106"
"330","2228","106"
"331","2617","106"
"332","3723","106"
"333","5147","106"
"334","6063","106"
"336","6458","106"
"337","6551","106"
"338","7469","106"
"339","8013","106"
"340","8040","106"
"341","9239","106"
"343","10546","106"
"344","13884","106"
"345","13969","106"
"346","14504","106"
"347","14662","106"
"348","17367","106"
"349","18497","106"
"350","18696","106"
"351","19092","106"
"352","19097","106"
"353","19913","106"
"354","19920","106"
"357","22373","106"
"358","25416","106"
"360","33753","106"
"361","40757","106"
"362","41192","106"
"363","42257","106"
"364","44264","106"
"365","44827","106"
"366","45508","106"
"367","47420","106"
"368","48631","106"
"370","49830","106"
"371","50727","106"
"372","16185","107"
"373","23993","107"
"374","45397","107"
"375","48305","107"
"376","75104","107"
"377","94636","107"
"378","127342","107"
"379","167038","107"
"380","169730","107"
"381","178479","107"
"382","189204","107"
"383","213697","107"
"384","235074","107"
"385","236829","107"
"386","254028","107"
"387","256640","107"
"388","265150","107"
"389","286536","107"
"390","289297","107"
"391","289543","107"
"392","298237","107"
"393","299248","107"
"394","312653","107"
"395","320972","107"
"396","321082","107"
"397","327043","107"
"398","330514","107"
"399","337216","107"
"400","341668","107"
"401","352470","107"
"402","364543","107"
"403","387030","107"
"404","400181","107"
"405","401260","107"
"406","402509","107"
"407","415927","107"
"408","417231","107"
"409","422596","107"
"410","423016","107"
"411","425167","107"
"412","457438","107"
"413","483052","107"
"414","497224","107"
"415","501392","107"
"416","504802","107"
"417","511973","107"
"418","520156","107"
"419","532304","107"
"420","547380","107"
"421","550305","107"
"422","4549","108"
"423","6596","108"
"424","7622","108"
"425","12766","108"
"430","18479","108"
"432","19964","108"
"433","20884","108"
"434","20916","108"
"435","31353","108"
"436","32234","108"
"437","34193","108"
"438","37436","108"
"439","37678","108"
"440","39693","108"
"441","40859","108"
"442","41565","108"
"443","42913","108"
"444","46084","108"
"445","46777","108"
"447","47734","108"
"448","48218","108"
"451","54214","108"
"452","54514","108"
"453","56681","108"
"454","58060","108"
"455","61610","108"
"456","61633","108"
"457","62239","108"
"458","65263","108"
"459","68953","108"
"460","74655","108"
"461","76658","108"
"462","76693","108"
"463","81313","108"
"464","84938","108"
"465","98742","108"
"466","99326","108"
"467","100399","108"
"468","105406","108"
"469","105758","108"
"470","107182","108"
"471","8","109"
"472","128","109"
"473","11248","109"
"474","20135","109"
"475","24556","109"
"476","24856","109"
"477","52338","109"
"478","83700","95"
"479","160231","95"
"480","161978","95"
"481","163080","95"
"482","192341","95"
"483","195321","95"
"484","225147","95"
"485","240274","95"
"486","283440","95"
"487","302442","95"
"488","310711","95"
"489","321445","95"
"490","323392","95"
"491","330516","95"
"492","335795","95"
"493","412163","95"
"494","420677","95"
"495","437594","95"
"496","459430","95"
"497","480475","95"
"498","507785","95"
"499","590332","95"
"500","775990","95"
"501","793617","95"
"502","922924","95"
"503","957766","95"
"504","991393","95"
"505","1016319","95"
"506","1176417","95"
"507","1249291","95"
"508","1264909","95"
"509","1308120","95"
"510","1313506","95"
"511","1359251","95"
"512","1372471","95"
"513","1386091","95"
"514","1398589","95"
"515","1408385","95"
"516","1433573","95"
"517","1440907","95"
"518","1450034","95"
"519","1482560","95"
"520","1491320","95"
"521","1505739","95"
"522","1509767","95"
"523","1557123","95"
"524","1580862","95"
"525","1643573","95"
"526","1656523","95"
"527","1664196","95"
"528","922062","97"
"529","1198635","97"
"530","1737134","97"
"531","1971294","97"
"532","3728593","97"
"533","3790348","97"
"534","4917161","97"
"535","9825718","97"
"536","63049511","97"
"537","89753371","97"
"538","107107561","97"
"539","151600211","97"
"540","215699735","97"
"541","176247","98"
"542","390260","98"
"543","553190","98"
"544","656063","98"
"545","674542","98"
"546","983859","98"
"547","1180659","98"
"548","1227784","98"
"549","1441380","98"
"550","1646842","98"
"551","2952220","98"
"552","3096329","98"
"553","3332132","98"
"554","3359962","98"
"555","3714435","98"
"556","3796552","98"
"557","5494883","98"
"558","5499218","98"
"559","5958719","98"
"560","6152550","98"
"561","6653159","98"
"562","7058166","98"
"563","7781794","98"
"564","7885538","98"
"565","8024396","98"
"566","8658807","98"
"567","9346381","98"
"568","9714335","98"
"569","10380658","98"
"570","10510010","98"
"571","12339269","98"
"572","12580804","98"
"573","12959636","98"
"574","14548173","98"
"575","14905281","98"
"576","15010824","98"
"577","15361649","98"
"578","15504754","98"
"579","15703142","98"
"580","16241316","98"
"581","16428170","98"
"582","16919750","98"
"583","17754896","98"
"584","20384532","98"
"585","20388431","98"
"586","20652355","98"
"587","20853572","98"
"588","21126519","98"
"589","22294116","98"
"590","29075341","98"
"591","16336","99"
"592","21903","99"
"593","27553","99"
"594","54264","99"
"595","55903","99"
"596","100166","99"
"597","151779","99"
"598","156263","99"
"599","172994","99"
"600","179667","99"
"601","211692","99"
"602","214062","99"
"604","248331","99"
"605","256240","99"
"606","276395","99"
"607","291572","99"
"608","293817","99"
"609","306677","99"
"610","308664","99"
"611","343861","99"
"612","347540","99"
"613","350702","99"
"614","363438","99"
"615","377825","99"
"616","404936","99"
"617","407421","99"
"618","415658","99"
"619","447009","99"
"620","483647","99"
"621","501121","99"
"622","501984","99"
"623","504146","99"
"624","506746","99"
"625","507585","99"
"626","556278","99"
"627","561453","99"
"628","568416","99"
"629","735924","99"
"630","815368","99"
"631","830282","99"
"632","836921","99"
"633","881909","99"
"634","895516","99"
"635","896051","99"
"636","1000261","99"
"637","1032679","99"
"638","1057236","99"
"639","1071660","99"
"640","10874","100"
"641","11858","100"
"642","16799","100"
"643","26294","100"
"644","45609","100"
"645","45813","100"
"646","48771","100"
"647","54504","100"
"648","83089","100"
"649","83609","100"
"650","119438","100"
"651","132789","100"
"652","159596","100"
"653","163071","100"
"654","166761","100"
"655","167665","100"
"656","168079","100"
"657","173080","100"
"658","190147","100"
"659","198070","100"
"660","198633","100"
"661","207334","100"
"662","207568","100"
"663","217986","100"
"664","222115","100"
"665","224135","100"
"666","228841","100"
"667","245526","100"
"668","245947","100"
"669","263031","100"
"670","271334","100"
"671","277784","100"
"672","282979","100"
"673","296503","100"
"674","296731","100"
"675","300211","100"
"676","300897","100"
"677","306727","100"
"678","309187","100"
"679","312814","100"
"680","314373","100"
"681","314672","100"
"682","315235","100"
"683","321749","100"
"684","335229","100"
"685","33925","101"
"687","86810","101"
"688","90198","101"
"689","121690","101"
"690","156825","101"
"691","159009","101"
"692","159606","101"
"693","173344","101"
"694","174087","101"
"695","180839","101"
"696","181102","101"
"697","184681","101"
"698","191293","101"
"699","225598","101"
"700","254647","101"
"701","264134","101"
"703","285408","101"
"705","306559","101"
"706","309364","101"
"707","334593","101"
"708","340599","101"
"709","341482","101"
"710","356769","101"
"711","360198","101"
"712","363104","101"
"713","370417","101"
"714","374874","101"
"715","383702","101"
"716","384897","101"
"717","392802","101"
"718","403245","101"
"719","417182","101"
"720","429321","101"
"721","435360","101"
"722","441255","101"
"723","463035","101"
"724","464911","101"
"725","478101","101"
"726","487156","101"
"727","503078","101"
"728","504015","101"
"729","513221","101"
"730","540275","101"
"731","131865","102"
"732","173076","102"
"733","281910","102"
"734","306928","102"
"735","331574","102"
"736","588662","102"
"737","683486","102"
"738","894596","102"
"739","1264879","102"
"740","1326595","102"
"741","1357390","102"
"742","1391429","102"
"743","1461939","102"
"744","1463916","102"
"745","1485570","102"
"746","1576879","102"
"747","1764759","102"
"748","1771363","102"
"749","1780060","102"
"750","1801375","102"
"751","2126477","102"
"752","2247246","102"
"753","2286937","102"
"754","2407951","102"
"755","2456159","102"
"756","2607469","102"
"757","2608163","102"
"758","2616887","102"
"759","2753378","102"
"760","2800450","102"
"761","2836101","102"
"762","2850897","102"
"763","2870619","102"
"764","3051185","102"
"765","3212323","102"
"766","3235280","102"
"767","3279470","102"
"768","3391285","102"
"769","3410287","102"
"770","3420844","102"
"771","3445227","102"
"772","3794922","102"
"773","3837961","102"
"774","3933994","102"
"775","3970835","102"
"776","3989778","102"
"777","4047520","102"
"778","4176082","102"
"779","4333505","102"
"780","4511","103"
"781","4918","103"
"783","8724","103"
"784","11168","103"
"785","14623","103"
"787","18112","103"
"788","22752","103"
"789","24386","103"
"790","29964","103"
"791","36728","103"
"792","42287","103"
"793","42822","103"
"794","44834","103"
"795","53298","103"
"796","57889","103"
"797","57989","103"
"798","60943","103"
"799","66515","103"
"800","69428","103"
"801","69551","103"
"802","75062","103"
"803","77175","103"
"804","83017","103"
"805","90513","103"
"806","93367","103"
"807","96694","103"
"808","97066","103"
"809","100804","103"
"810","101234","103"
"811","101413","103"
"812","102890","103"
"813","111611","103"
"814","118433","103"
"816","119998","103"
"817","124194","103"
"818","124890","103"
"819","132929","103"
"820","133378","103"
"821","137794","103"
"822","138862","103"
"823","140227","103"
"824","151604","103"
"825","246193","104"
"826","972178","104"
"827","2669021","104"
"828","2875711","104"
"829","5248280","104"
"830","5607973","104"
"831","6243056","104"
"832","6717434","104"
"833","7505737","104"
"834","9491557","104"
"835","10271790","104"
"836","14335999","104"
"837","14699795","104"
"838","16330096","104"
"839","16334952","104"
"840","20899158","104"
"841","21068844","104"
"842","21357501","104"
"843","21993910","104"
"844","25396451","104"
"845","30883171","104"
"846","31384741","104"
"847","34890181","104"
"848","39755831","104"
"849","45360381","104"
"850","48091741","104"
"851","51113351","104"
"852","61997291","104"
"853","66207311","104"
"854","70756911","104"
"855","88991261","104"
"856","90508671","104"
"857","93555101","104"
"858","104996351","104"
"859","108163291","104"
"860","121803201","104"
"861","131974741","104"
"862","133777653","104"
"863","138672891","104"
"864","188790093","104"
"865","201163405","104"
"866","8736","105"
"867","32292","105"
"868","44351","105"
"869","102879","105"
"870","175246","105"
"871","181249","105"
"872","202705","105"
"873","220468","105"
"874","243719","105"
"876","261354","105"
"877","269293","105"
"878","280457","105"
"879","282718","105"
"881","296386","105"
"882","305320","105"
"883","306651","105"
"884","306829","105"
"885","313406","105"
"886","313718","105"
"887","328502","105"
"888","329808","105"
"890","346028","105"
"891","346184","105"
"892","347023","105"
"893","350130","105"
"894","365581","105"
"895","366256","105"
"896","373603","105"
"897","399752","105"
"898","416904","105"
"899","420869","105"
"900","427164","105"
"902","513738","105"
"903","540152","105"
"905","566270","105"
"906","597007","105"
"907","597181","105"
"908","613881","105"
"909","619677","105"
"910","634073","105"
"912","371851","106"
"913","1174421","106"
"914","1243287","106"
"915","1265095","106"
"916","1281431","106"
"917","1366695","106"
"918","1445095","106"
"919","1508518","106"
"920","1664563","106"
"921","1697258","106"
"922","1762333","106"
"923","2049524","106"
"924","2083220","106"
"925","2100757","106"
"926","2116023","106"
"927","2168880","106"
"928","2285846","106"
"929","2434937","106"
"930","2463173","106"
"931","2477111","106"
"932","2574891","106"
"933","2669087","106"
"934","2716353","106"
"935","2756030","106"
"936","3034143","106"
"937","3054145","106"
"938","3110414","106"
"939","3321333","106"
"940","3639199","106"
"941","3988562","106"
"942","4029950","106"
"943","4056527","106"
"944","4082294","106"
"945","4413600","106"
"946","4423990","106"
"947","4484589","106"
"948","5090886","106"
"949","5259415","106"
"950","5310685","106"
"951","5329721","106"
"952","5489235","106"
"953","5566552","106"
"954","6000171","106"
"955","6137361","106"
"956","6333626","106"
"957","6581290","106"
"958","6692140","106"
"959","6808280","106"
"960","607270","107"
"961","855358","107"
"962","899648","107"
"963","909279","107"
"964","1293597","107"
"965","1500972","107"
"966","1797937","107"
"967","1945489","107"
"968","2265150","107"
"969","2456968","107"
"970","2963733","107"
"971","3136549","107"
"972","3166337","107"
"973","3507436","107"
"974","3941404","107"
"975","4377296","107"
"976","4895260","107"
"977","5006683","107"
"978","5273027","107"
"979","5309170","107"
"980","5464552","107"
"981","5676272","107"
"982","5998363","107"
"983","6177742","107"
"984","6190776","107"
"985","6394336","107"
"986","6805821","107"
"987","6825030","107"
"988","7415983","107"
"989","7997714","107"
"990","8084357","107"
"991","8160658","107"
"992","8264733","107"
"993","8410020","107"
"994","8525630","107"
"995","8939408","107"
"996","9328233","107"
"997","9417230","107"
"998","9576165","107"
"999","9630641","107"
"1000","9704867","107"
"1001","9707235","107"
"1002","9709902","107"
"1003","9943276","107"
"1004","10028198","107"
"1005","10113811","107"
"1006","10157756","107"
"1007","10535263","107"
"1008","10679144","107"
"1009","10774330","107"
"1010","591","108"
"1011","829","108"
"1012","1884","108"
"1013","2211","108"
"1014","2318","108"
"1015","2488","108"
"1016","2529","108"
"1017","2533","108"
"1018","4543","108"
"1019","4600","108"
"1020","4693","108"
"1021","5152","108"
"1022","5369","108"
"1023","5503","108"
"1024","5525","108"
"1025","6642","108"
"1026","7436","108"
"1028","8221","108"
"1029","8658","108"
"1030","9283","108"
"1032","10398","108"
"1033","12450","108"
"1034","12925","108"
"1036","13296","108"
"1037","13346","108"
"1038","20994","108"
"1040","26666","108"
"1041","27210","108"
"1042","27980","108"
"1043","37755","108"
"1044","39690","108"
"1045","40639","108"
"1046","186","109"
"1047","754","109"
"1048","2329","109"
"1049","2383","109"
"1052","2628","109"
"1053","3475","109"
"1054","3724","109"
"1055","4021","109"
"1056","4196","109"
"1057","4381","109"
"1058","4507","109"
"1060","5925","109"
"1061","6135","109"
"1063","7776","109"
"1067","9381","109"
"1068","9600","109"
"1069","10843","109"
"1070","10918","109"
"1071","12189","109"
"1072","13399","109"
"1073","13666","109"
"1074","13766","109"
"1075","14350","109"
"1077","16732","109"
"1078","16984","109"
"1079","17331","109"
"1080","17740","109"
"1082","18644","109"
"1083","18967","109"
"1085","33660","110"
"1086","60315","110"
"1087","119321","110"
"1088","162972","110"
"1089","163669","110"
"1091","165091","110"
"1092","169235","110"
"1094","199257","110"
"1095","209633","110"
"1096","232082","110"
"1098","281909","110"
"1099","282164","110"
"1100","283954","110"
"1101","288083","110"
"1102","288891","110"
"1103","303977","110"
"1104","309509","110"
"1105","316118","110"
"1106","327497","110"
"1107","327577","110"
"1108","333104","110"
"1109","353529","110"
"1110","366389","110"
"1111","368893","110"
"1112","383174","110"
"1113","402258","110"
"1114","404072","110"
"1115","406377","110"
"1116","430776","110"
"1117","434771","110"
"1118","436447","110"
"1119","436922","110"
"1120","437219","110"
"1121","451871","110"
"1122","468142","110"
"1123","468349","110"
"1124","477819","110"
"1126","484408","110"
"1128","509107","110"
"1129","2407","111"
"1130","2409","111"
"1131","9383","111"
"1132","13445","111"
"1136","27421","111"
"1137","39810","111"
"1138","45161","111"
"1140","47105","111"
"1143","64826","111"
"1145","70425","111"
"1146","79639","111"
"1147","87089","111"
"1148","92777","111"
"1150","112675","111"
"1151","123191","111"
"1152","125851","111"
"1153","133298","111"
"1154","133456","111"
"1155","136969","111"
"1156","144934","111"
"1159","164499","111"
"1161","171477","111"
"1162","174548","111"
"1163","175088","111"
"1164","176394","111"
"1165","182658","111"
"1166","187042","111"
"1167","188665","111"
"1168","189631","111"
"1169","196173","111"
"1170","199890","111"
"1171","15","112"
"1172","93","112"
"1174","1152","112"
"1175","2262","112"
"1176","2708","112"
"1177","3454","112"
"1178","3821","112"
"1179","4554","112"
"1180","4564","112"
"1181","5239","112"
"1182","5742","112"
"1186","6618","112"
"1187","6779","112"
"1188","7015","112"
"1190","8181","112"
"1192","8689","112"
"1193","9229","112"
"1194","9666","112"
"1196","9921","112"
"1197","11171","112"
"1198","11664","112"
"1199","13753","112"
"1200","14108","112"
"1201","16457","112"
"1202","17132","112"
"1203","17184","112"
"1204","19026","112"
"1205","19223","112"
"1206","19432","112"
"1207","19721","112"
"1209","48004","113"
"1210","52316","113"
"1211","52427","113"
"1213","78152","113"
"1214","100110","113"
"1215","101657","113"
"1216","134791","113"
"1217","157173","113"
"1219","162544","113"
"1220","169294","113"
"1221","174362","113"
"1222","174849","113"
"1223","181467","113"
"1224","203432","113"
"1225","203683","113"
"1226","204272","113"
"1227","207487","113"
"1228","223170","113"
"1229","230433","113"
"1230","231899","113"
"1231","236724","113"
"1232","239332","113"
"1233","247177","113"
"1234","256116","113"
"1235","263267","113"
"1236","266221","113"
"1237","276362","113"
"1238","277609","113"
"1239","277705","113"
"1240","278249","113"
"1241","280257","113"
"1243","284699","113"
"1244","287156","113"
"1245","290450","113"
"1246","291097","113"
"1247","291589","113"
"1248","292083","113"
"1249","293140","113"
"1250","296055","113"
"1252","31382","114"
"1253","82836","114"
"1255","102094","114"
"1256","130134","114"
"1257","181399","114"
"1258","186429","114"
"1259","191626","114"
"1260","192894","114"
"1261","194989","114"
"1262","199427","114"
"1263","201107","114"
"1264","207116","114"
"1265","207188","114"
"1266","222166","114"
"1267","224187","114"
"1268","230059","114"
"1269","230078","114"
"1270","230138","114"
"1271","233472","114"
"1272","248187","114"
"1273","261316","114"
"1274","275250","114"
"1275","279630","114"
"1276","282309","114"
"1277","293455","114"
"1279","295275","114"
"1280","299759","114"
"1281","301046","114"
"1282","307470","114"
"1283","307900","114"
"1285","315518","114"
"1286","316883","114"
"1287","321522","114"
"1288","350289","114"
"1289","353961","114"
"1290","368946","114"
"1291","406192","114"
"1292","65386","115"
"1293","126635","115"
"1294","127214","115"
"1295","177363","115"
"1296","190307","115"
"1297","200470","115"
"1298","269002","115"
"1299","269338","115"
"1300","270855","115"
"1301","292878","115"
"1302","299624","115"
"1303","311158","115"
"1304","320373","115"
"1305","326931","115"
"1306","338797","115"
"1307","355624","115"
"1308","359046","115"
"1309","360330","115"
"1310","361866","115"
"1311","365185","115"
"1312","379249","115"
"1313","400049","115"
"1314","402486","115"
"1315","402574","115"
"1316","426416","115"
"1317","465692","115"
"1318","502854","115"
"1319","506814","115"
"1320","519641","115"
"1321","521252","115"
"1322","534652","115"
"1323","544909","115"
"1324","585675","115"
"1325","595444","115"
"1326","612726","115"
"1327","636407","115"
"1328","640122","115"
"1329","659864","115"
"1330","686002","115"
"1331","687733","115"
"1332","717715","115"
"1333","719223","115"
"1334","740303","115"
"1335","743414","115"
"1336","746757","115"
"1337","758553","115"
"1338","776481","115"
"1339","788563","115"
"1340","793125","115"
"1341","800944","115"
"1342","190519","116"
"1343","225913","116"
"1344","272786","116"
"1345","276681","116"
"1346","337245","116"
"1347","357915","116"
"1348","389678","116"
"1349","611230","116"
"1350","715134","116"
"1351","864748","116"
"1352","890128","116"
"1353","969135","116"
"1354","1076448","116"
"1355","1280336","116"
"1356","1325601","116"
"1357","1326753","116"
"1358","1339743","116"
"1359","1374956","116"
"1360","1380705","116"
"1361","1502351","116"
"1362","1505629","116"
"1363","1594415","116"
"1364","1625642","116"
"1365","1691535","116"
"1366","1797357","116"
"1367","1824884","116"
"1368","1847124","116"
"1369","1915726","116"
"1370","1922944","116"
"1371","2029898","116"
"1372","2105913","116"
"1373","2109304","116"
"1374","2134772","116"
"1375","2149609","116"
"1376","2179580","116"
"1377","2192656","116"
"1378","2206806","116"
"1379","2273646","116"
"1380","2284641","116"
"1381","2295910","116"
"1382","2410259","116"
"1383","2443652","116"
"1384","2462011","116"
"1385","2495958","116"
"1386","2538850","116"
"1387","2600542","116"
"1388","2603212","116"
"1389","2627434","116"
"1390","2631225","116"
"1391","2651248","116"
"1392","59637","117"
"1393","59841","117"
"1394","100936","117"
"1395","219349","117"
"1396","296395","117"
"1397","346334","117"
"1398","355271","117"
"1399","373080","117"
"1400","411674","117"
"1401","431186","117"
"1402","468058","117"
"1403","508311","117"
"1404","538199","117"
"1405","564856","117"
"1406","674446","117"
"1407","686827","117"
"1408","785950","117"
"1409","820773","117"
"1410","841840","117"
"1411","909021","117"
"1412","980382","117"
"1413","998021","117"
"1414","1105013","117"
"1415","1138586","117"
"1416","1143164","117"
"1417","1148695","117"
"1419","1302809","117"
"1420","1390764","117"
"1421","1396068","117"
"1422","1432093","117"
"1423","1441012","117"
"1424","1460644","117"
"1425","1483282","117"
"1426","1500175","117"
"1427","1502311","117"
"1428","1521659","117"
"1429","1529149","117"
"1430","1544372","117"
"1431","1554872","117"
"1432","1569340","117"
"1433","1584792","117"
"1434","1595805","117"
"1435","1610416","117"
"1436","1638177","117"
"1437","1642660","117"
"1438","399202","118"
"1439","1027647","118"
"1440","1411694","118"
"1441","2106239","118"
"1442","2456226","118"
"1443","2826991","118"
"1444","3148235","118"
"1445","3288059","118"
"1446","4190863","118"
"1447","5157980","118"
"1448","5209601","118"
"1449","5726094","118"
"1450","6307243","118"
"1451","6386589","118"
"1452","6389733","118"
"1453","7339784","118"
"1454","7401668","118"
"1455","7852068","118"
"1456","7902347","118"
"1457","7934559","118"
"1458","7992754","118"
"1459","8365057","118"
"1460","8524786","118"
"1461","8696040","118"
"1462","9503974","118"
"1463","9506017","118"
"1464","10574365","118"
"1465","10906508","118"
"1466","10971486","118"
"1467","11418374","118"
"1468","11474432","118"
"1469","11499835","118"
"1470","11611174","118"
"1471","12019066","118"
"1472","12173675","118"
"1473","12551587","118"
"1474","12698583","118"
"1475","12892776","118"
"1476","13033756","118"
"1477","13035406","118"
"1478","13147477","118"
"1479","13285597","118"
"1480","13420650","118"
"1481","14365925","118"
"1482","14461822","118"
"1483","14538664","118"
"1484","15011828","118"
"1485","15150780","118"
"1486","15260935","118"
"1487","15277224","118"
"1493","11128","119"
"1497","53524","119"
"1498","57576","119"
"1501","58074","119"
"1503","94402","119"
"1505","106860","119"
"1506","117393","119"
"1509","133769","119"
"1510","142016","119"
"1511","144862","119"
"1512","153207","119"
"1513","153346","119"
"1515","157420","119"
"1518","160344","119"
"1521","165623","119"
"1522","166951","119"
"1523","170726","119"
"1524","176467","119"
"1529","58523","120"
"1530","69629","120"
"1531","80677","120"
"1532","88628","120"
"1533","109542","120"
"1534","112622","120"
"1535","122816","120"
"1537","150908","120"
"1538","154240","120"
"1540","171710","120"
"1541","175791","120"
"1542","176047","120"
"1543","189774","120"
"1544","196315","120"
"1545","199672","120"
"1546","215856","120"
"1547","241700","120"
"1548","242024","120"
"1549","250553","120"
"1551","276176","120"
"1552","278285","120"
"1553","284292","120"
"1554","293520","120"
"1555","293896","120"
"1556","296774","120"
"1557","300059","120"
"1558","300927","120"
"1559","303806","120"
"1561","311948","120"
"1563","322465","120"
"1564","323814","120"
"1565","323924","120"
"1566","26354","121"
"1568","432461","121"
"1569","442923","121"
"1570","475490","121"
"1571","498383","121"
"1572","566719","121"
"1573","606884","121"
"1574","634708","121"
"1575","682761","121"
"1576","823251","121"
"1577","854720","121"
"1578","914330","121"
"1579","940069","121"
"1580","963217","121"
"1581","1052907","121"
"1582","1132052","121"
"1583","1154081","121"
"1584","1184313","121"
"1585","1236405","121"
"1586","1353059","121"
"1587","1478684","121"
"1588","1514669","121"
"1589","1518150","121"
"1590","1623511","121"
"1591","1635165","121"
"1592","1647170","121"
"1593","1655246","121"
"1594","1780302","121"
"1595","1903846","121"
"1596","1933182","121"
"1597","2029120","121"
"1598","2178927","121"
"1599","2209618","121"
"1600","2266205","121"
"1601","2279693","121"
"1602","2283639","121"
"1603","2362745","121"
"1604","2584891","121"
"1605","2595269","121"
"1606","2778712","121"
"1607","2821437","121"
"1608","2943824","121"
"1609","2997828","121"
"1610","3115400","121"
"1611","3118488","121"
"1612","3273987","121"
"1613","3393794","121"
"1614","3409593","121"
"1618","4156","122"
"1619","6469","122"
"1620","6654","122"
"1621","7568","122"
"1622","7840","122"
"1623","9760","122"
"1624","9777","122"
"1625","10862","122"
"1627","13116","122"
"1628","13177","122"
"1630","15425","122"
"1632","17934","122"
"1633","19543","122"
"1635","20958","122"
"1636","22201","122"
"1637","22538","122"
"1638","27514","122"
"1639","32043","122"
"1640","33655","122"
"1642","34430","122"
"1643","34766","122"
"1644","37731","122"
"1645","40802","122"
"1647","42118","122"
"1648","44039","122"
"1649","44066","122"
"1651","46578","122"
"1652","46701","122"
"1654","1654","123"
"1655","2070","123"
"1656","2301","123"
"1658","3362","123"
"1660","3520","123"
"1661","4103","123"
"1662","4637","123"
"1663","5531","123"
"1667","10450","123"
"1669","14165","123"
"1671","15027","123"
"1673","16244","123"
"1674","17324","123"
"1675","19298","123"
"1676","19944","123"
"1678","25368","123"
"1679","25473","123"
"1680","25515","123"
"1681","26568","123"
"1682","31414","123"
"1683","38144","123"
"1684","38908","123"
"1685","40380","123"
"1686","43210","123"
"1688","53285","123"
"1690","54732","123"
"1691","57611","123"
"1693","58581","123"
"1694","60218","123"
"1695","61264","123"
"1696","63221","123"
"1697","65437","123"
"1699","1732","124"
"1702","3768","124"
"1703","4645","124"
"1704","5509","124"
"1706","6773","124"
"1707","7657","124"
"1709","10340","124"
"1710","10828","124"
"1712","11732","124"
"1713","12879","124"
"1717","18326","124"
"1721","21525","124"
"1722","21664","124"
"1723","21788","124"
"1724","21917","124"
"1725","26845","124"
"1726","27201","124"
"1727","28365","124"
"1729","31967","124"
"1730","5818","125"
"1732","25967","125"
"1734","80402","125"
"1735","96168","125"
"1737","102950","125"
"1738","103024","125"
"1739","103293","125"
"1740","109882","125"
"1741","117040","125"
"1742","127386","125"
"1743","135209","125"
"1744","136068","125"
"1745","137545","125"
"1746","138787","125"
"1747","154243","125"
"1748","160651","125"
"1750","164915","125"
"1751","170014","125"
"1752","175703","125"
"1753","175740","125"
"1754","177822","125"
"1756","180807","125"
"1758","195757","125"
"1759","195785","125"
"1760","207863","125"
"1761","209556","125"
"1762","219804","125"
"1763","224118","125"
"1764","226776","125"
"1765","229860","125"
"1766","230156","125"
"1767","238688","125"
"1768","242560","125"
"1770","1601","126"
"1771","4500","126"
"1772","9172","126"
"1773","17267","126"
"1774","17816","126"
"1775","20189","126"
"1776","21138","126"
"1777","36561","126"
"1778","38310","126"
"1780","48561","126"
"1781","49188","126"
"1784","64702","126"
"1785","66155","126"
"1786","66605","126"
"1787","68005","126"
"1788","69226","126"
"1789","70043","126"
"1790","73421","126"
"1791","79416","126"
"1792","80868","126"
"1793","85250","126"
"1795","90672","126"
"1796","93691","126"
"1797","95977","126"
"1798","97938","126"
"1799","114995","126"
"1800","128889","126"
"1802","141329","126"
"1803","146847","126"
"1804","9330","127"
"1806","19673","127"
"1807","22932","127"
"1808","51563","127"
"1812","99741","127"
"1814","113105","127"
"1816","134904","127"
"1820","164430","127"
"1822","175698","127"
"1823","177759","127"
"1824","183172","127"
"1827","198715","127"
"1828","206397","127"
"1831","219519","127"
"1832","220858","127"
"1833","229923","127"
"1834","231436","127"
"1836","243282","127"
"1838","264162","127"
"1839","265628","127"
"1840","267237","127"
"1841","348","128"
"1843","1928","128"
"1844","2822","128"
"1845","4853","128"
"1847","5282","128"
"1848","6234","128"
"1852","11298","128"
"1854","11901","128"
"1855","12223","128"
"1856","14146","128"
"1857","14386","128"
"1858","15864","128"
"1861","17687","128"
"1862","18216","128"
"1866","19743","128"
"1868","20305","128"
"1869","20931","128"
"1870","21811","128"
"1871","24536","128"
"1872","24709","128"
"1875","29723","128"
"1876","29884","128"
"1878","31014","128"
"1881","16225","129"
"1883","20084","129"
"1884","63147","129"
"1885","65511","129"
"1886","65783","129"
"1889","86750","129"
"1890","115527","129"
"1891","119883","129"
"1893","131377","129"
"1895","143444","129"
"1896","160280","129"
"1897","162283","129"
"1898","162552","129"
"1899","172751","129"
"1900","172784","129"
"1902","180596","129"
"1903","187524","129"
"1904","194801","129"
"1905","198638","129"
"1906","199345","129"
"1907","207123","129"
"1908","216381","129"
"1909","237720","129"
"1910","245850","129"
"1911","251994","129"
"1913","258257","129"
"1914","258809","129"
"1915","262071","129"
"1916","263234","129"
"1917","275849","129"
"1918","289503","129"
"1919","292455","129"
"1920","298445","129"
"1921","300156","129"
"1925","185","130"
"1927","390","130"
"1928","659","130"
"1929","694","130"
"1931","856","130"
"1932","974","130"
"1933","1095","130"
"1934","1727","130"
"1935","2197","130"
"1936","2222","130"
"1939","2509","130"
"1940","2775","130"
"1941","2818","130"
"1943","3090","130"
"1944","3130","130"
"1945","3358","130"
"1949","3744","130"
"1950","4086","130"
"1953","4597","130"
"1954","4697","130"
"1956","4890","130"
"1957","1023589","131"
"1958","1047947","131"
"1959","1435074","131"
"1960","1491384","131"
"1961","1503833","131"
"1962","1512826","131"
"1963","1775546","131"
"1964","2343081","131"
"1965","2593789","131"
"1966","2908176","131"
"1967","3185075","131"
"1968","3192970","131"
"1969","3439038","131"
"1970","4012684","131"
"1971","4014372","131"
"1972","5382883","131"
"1973","5565288","131"
"1974","5737070","131"
"1975","6375102","131"
"1976","6730258","131"
"1977","6924761","131"
"1978","7018405","131"
"1979","7536811","131"
"1980","8434242","131"
"1981","8851964","131"
"1982","8973597","131"
"1983","9092535","131"
"1984","9751224","131"
"1985","9767060","131"
"1986","9899023","131"
"1987","10225908","131"
"1988","10409149","131"
"1989","10708416","131"
"1990","10743277","131"
"1991","11119930","131"
"1992","11731095","131"
"1993","11909176","131"
"1994","12290851","131"
"1995","12479439","131"
"1996","12532607","131"
"1997","13003817","131"
"1998","13015578","131"
"1999","13141806","131"
"2000","13161172","131"
"2001","13217808","131"
"2002","13901727","131"
"2003","14023779","131"
"2004","14210103","131"
"2005","288698","132"
"2006","387027","132"
"2007","400961","132"
"2008","438338","132"
"2009","500941","132"
"2010","536706","132"
"2011","544744","132"
"2012","566572","132"
"2013","635434","132"
"2014","722351","132"
"2015","820654","132"
"2016","872551","132"
"2017","887161","132"
"2018","933798","132"
"2019","957599","132"
"2020","1201007","132"
"2021","1209214","132"
"2022","1249353","132"
"2023","1276223","132"
"2024","1319745","132"
"2025","1358359","132"
"2026","1367289","132"
"2027","1547400","132"
"2028","1555745","132"
"2029","1568369","132"
"2030","1568918","132"
"2031","1624824","132"
"2032","1636428","132"
"2033","1718627","132"
"2034","1719896","132"
"2035","1745559","132"
"2036","1772673","132"
"2037","1812965","132"
"2038","1828515","132"
"2039","1872905","132"
"2040","1924443","132"
"2041","1969278","132"
"2042","1969735","132"
"2044","1977372","132"
"2045","2093560","132"
"2046","2127712","132"
"2047","2184800","132"
"2048","2210769","132"
"2049","2260603","132"
"2050","2297389","132"
"2051","2354567","132"
"2052","126586071","133"
"2053","141730443","133"
"2054","143878513","133"
"2055","144834103","133"
"2056","195979425","133"
"2057","4646","134"
"2059","63626","134"
"2061","179789","134"
"2062","179810","134"
"2064","188525","134"
"2065","207070","134"
"2066","210810","134"
"2067","269253","134"
"2069","291608","134"
"2070","298191","134"
"2071","304861","134"
"2072","311811","134"
"2073","329914","134"
"2074","343291","134"
"2075","352715","134"
"2076","383462","134"
"2077","386679","134"
"2078","397778","134"
"2079","414052","134"
"2080","441874","134"
"2081","444403","134"
"2082","456646","134"
"2083","463172","134"
"2084","466056","134"
"2085","502790","134"
"2086","507621","134"
"2087","508519","134"
"2088","514132","134"
"2089","515815","134"
"2090","526556","134"
"2091","527710","134"
"2092","533533","134"
"2093","540013","134"
"2094","553552","134"
"2095","563360","134"
"2096","566087","134"
"2097","566703","134"
"2098","566955","134"
"2099","570352","134"
"2100","573863","134"
"2101","576625","134"
"2102","39544","135"
"2103","59177","135"
"2104","115349","135"
"2105","173956","135"
"2107","182716","135"
"2109","199367","135"
"2112","253506","135"
"2113","281172","135"
"2114","308883","135"
"2115","316150","135"
"2116","316478","135"
"2117","320686","135"
"2118","336848","135"
"2120","352730","135"
"2122","355771","135"
"2123","365744","135"
"2124","369889","135"
"2125","388575","135"
"2126","401098","135"
"2127","408871","135"
"2128","410426","135"
"2129","424050","135"
"2130","429906","135"
"2131","437304","135"
"2132","462916","135"
"2133","465175","135"
"2134","503120","135"
"2135","505914","135"
"2136","515444","135"
"2137","534048","135"
"2138","541448","135"
"2139","547298","135"
"2140","553265","135"
"2141","554874","135"
"2142","576747","135"
"2144","29027","136"
"2146","288557","136"
"2147","798259","136"
"2148","931106","136"
"2149","1252077","136"
"2150","1313128","136"
"2151","1519779","136"
"2152","1635783","136"
"2153","1719948","136"
"2155","1838041","136"
"2156","2085741","136"
"2157","2118856","136"
"2158","2217919","136"
"2159","2302698","136"
"2160","2316684","136"
"2161","2364793","136"
"2162","2395019","136"
"2163","2478921","136"
"2164","2518356","136"
"2165","2600783","136"
"2166","2862622","136"
"2167","3054509","136"
"2168","3570706","136"
"2169","3745837","136"
"2170","3774822","136"
"2171","3963055","136"
"2172","4257338","136"
"2173","4570748","136"
"2174","4792802","136"
"2175","5660810","136"
"2176","5748886","136"
"2177","5841028","136"
"2178","6109178","136"
"2179","6113152","136"
"2180","6266644","136"
"2181","6462700","136"
"2182","6486472","136"
"2183","6507195","136"
"2184","6632190","136"
"2185","6996815","136"
"2186","7019325","136"
"2187","7315810","136"
"2188","7318739","136"
"2189","7502239","136"
"2192","273446","137"
"2194","305567","137"
"2195","314793","137"
"2196","331898","137"
"2197","344067","137"
"2198","626557","137"
"2199","755360","137"
"2200","773336","137"
"2201","876388","137"
"2202","973318","137"
"2203","998890","137"
"2204","1116355","137"
"2205","1155811","137"
"2206","1168921","137"
"2207","1207028","137"
"2208","1211888","137"
"2209","1274375","137"
"2210","1319168","137"
"2211","1540229","137"
"2212","1623200","137"
"2213","1632018","137"
"2214","1667835","137"
"2215","1691678","137"
"2216","1720281","137"
"2217","1735240","137"
"2218","1789000","137"
"2219","1811036","137"
"2220","1894819","137"
"2221","1897542","137"
"2222","1912468","137"
"2223","2008734","137"
"2224","2022196","137"
"2225","2111933","137"
"2226","2227465","137"
"2227","2250694","137"
"2228","2250841","137"
"2229","2272489","137"
"2230","2318915","137"
"2231","2359166","137"
"2232","2364691","137"
"2233","2391237","137"
"2234","2404828","137"
"2235","2450760","137"
"2236","2476295","137"
"2237","227190","138"
"2239","253183","138"
"2240","305266","138"
"2241","309944","138"
"2242","313794","138"
"2243","320044","138"
"2244","324137","138"
"2245","336648","138"
"2246","338197","138"
"2247","350555","138"
"2248","353336","138"
"2249","355618","138"
"2250","362342","138"
"2251","363727","138"
"2252","364200","138"
"2253","364299","138"
"2254","365719","138"
"2255","391070","138"
"2256","398843","138"
"2257","411011","138"
"2258","415908","138"
"2259","442366","138"
"2260","444399","138"
"2261","444996","138"
"2262","449036","138"
"2263","453731","138"
"2264","459615","138"
"2265","460388","138"
"2266","461140","138"
"2267","480339","138"
"2268","488449","138"
"2269","508720","138"
"2270","540341","138"
"2271","543056","138"
"2272","551803","138"
"2273","561694","138"
"2274","574085","138"
"2275","575472","138"
"2276","580370","138"
"2277","600514","138"
"2278","605551","138"
"2279","623981","138"
"2280","624827","138"
"2281","631103","138"
"2282","646410","138"
"2284","48613","139"
"2286","71446","139"
"2287","103252","139"
"2288","182860","139"
"2289","238776","139"
"2290","254867","139"
"2291","255829","139"
"2292","270783","139"
"2293","315008","139"
"2294","333194","139"
"2296","371706","139"
"2297","373291","139"
"2298","407741","139"
"2299","434095","139"
"2300","445871","139"
"2301","461437","139"
"2302","540224","139"
"2303","551026","139"
"2304","567531","139"
"2305","593296","139"
"2306","621166","139"
"2308","698641","139"
"2309","712365","139"
"2310","715469","139"
"2311","736517","139"
"2312","812384","139"
"2313","851507","139"
"2314","873931","139"
"2315","897191","139"
"2316","907853","139"
"2317","909404","139"
"2318","913947","139"
"2319","931292","139"
"2320","984529","139"
"2321","984933","139"
"2322","1004647","139"
"2323","1044513","139"
"2324","1050393","139"
"2325","1053868","139"
"2326","1054390","139"
"2327","1065328","139"
"2328","1077510","139"
"2329","13224","140"
"2330","14608","140"
"2331","62057","140"
"2332","72568","140"
"2333","94175","140"
"2334","94849","140"
"2335","121077","140"
"2336","122309","140"
"2337","137341","140"
"2338","152434","140"
"2339","177225","140"
"2340","193608","140"
"2341","201729","140"
"2342","206046","140"
"2343","211060","140"
"2344","213323","140"
"2345","213487","140"
"2346","218176","140"
"2347","220108","140"
"2348","230119","140"
"2349","234231","140"
"2350","255418","140"
"2351","255942","140"
"2353","268580","140"
"2354","272422","140"
"2355","281681","140"
"2357","288260","140"
"2358","300934","140"
"2359","316073","140"
"2360","323435","140"
"2361","330150","140"
